/*
Post-Deployment Script Template							
--------------------------------------------------------------------------------------
 This file contains SQL statements that will be appended to the build script.		
 Use SQLCMD syntax to include a file in the post-deployment script.			
 Example:      :r .\myfile.sql								
 Use SQLCMD syntax to reference a variable in the post-deployment script.		
 Example:      :setvar TableName MyTable							
               SELECT * FROM [$(TableName)]					
--------------------------------------------------------------------------------------
*/
--DELETIONS
DELETE dbo.tbPerson_Address
DBCC CHECKIDENT ('dbo.tbPerson_Address', RESEED, 0);
GO

DELETE dbo.teAddress
DBCC CHECKIDENT ('dbo.teAddress', RESEED, 0);
GO

DELETE dbo.teOrder
DBCC CHECKIDENT ('dbo.teOrder', RESEED, 0);

DELETE dbo.tePerson
DBCC CHECKIDENT ('dbo.tePerson', RESEED, 0);

DELETE Ships.teShipDetail
DBCC CHECKIDENT ('Ships.teShipDetail', RESEED, 0);

DELETE Ships.tdShipType
DBCC CHECKIDENT ('Ships.tdShipType', RESEED, 0);
GO

--INSERTS
SET IDENTITY_INSERT dbo.teAddress ON;
INSERT INTO dbo.teAddress (AddressId, StreetAddress, City, [State], ZipCode, Latitude, Longitude) VALUES (1, '7560 SW Lara St.', 'Portland', 'OR', 97223, 45.4573057, -122.7565177);
SET IDENTITY_INSERT dbo.teAddress OFF;

SET IDENTITY_INSERT dbo.tePerson ON;
INSERT INTO dbo.tePerson (PersonId, FirstName, LastName) VALUES (1, 'Brett', 'Morin'),(2, 'Emily', 'Morin');
SET IDENTITY_INSERT dbo.tePerson OFF;

SET IDENTITY_INSERT dbo.tbPerson_Address ON;
INSERT INTO dbo.tbPerson_Address (Person_AddressId, PersonId, AddressId) VALUES (1, 1, 1);
SET IDENTITY_INSERT dbo.tbPerson_Address OFF;

SET IDENTITY_INSERT dbo.teOrder ON;
INSERT INTO dbo.teOrder ( OrderId, PersonId, [Description]) VALUES (1, 1, 'Shirt'),(2, 1, 'Pants'),(3, 1, 'Shoes'),(4, 2, 'Dress'),(5, 2, 'Shoes');
SET IDENTITY_INSERT dbo.teOrder OFF;

SET IDENTITY_INSERT Ships.tdShipType ON;
INSERT INTO Ships.tdShipType ( ShipTypeID, ShipTypeName) VALUES (1, 'Owned'),(2, 'Contractor'),(3, 'Other');
SET IDENTITY_INSERT Ships.tdShipType OFF;

INSERT INTO Ships.teShipDetail (MMSI, ShipName, Latitude, Longitude, ShipTypeID) VALUES 
(111111111, 'Anne Sleuth', 46.851859, -129.322418, 1),
(111112211, 'Bon Voyage', 47.871859, -130.322418, 2),
(367197230, 'Buck & Ann', 46.451859, -124.322418, 1),
(371321345, 'Chrimeney Jeeps', 51.421869, -135.322418, 1),
(381321345, 'Chappy Pappy', 51.456469, -131.135418, 3),
(371341345, 'Charlies Cheepo', 40.456469, -126.155418, 3),
(384841345, 'Dudes Dud', 43.756854, -124.456789, 3),
(397541345, 'Earles Agony', 43.897445, -124.557781, 3),
(471233478, 'Franks SingleFleet', 45.114445, -127.654811, 2),
(124835678, 'Forget Flying', 40.458123, -120.151451, 3),
(813545664, 'Genas Sinker', 46.124545, -127.654811, 3),
(876541242, 'Hectors Habit', 40.114445, -127.774811, 2),
(991233478, 'Icant Float', 45.548123, -129.811451, 3),
(871233478, 'Jacks Rwild', 42.712387, -133.887451, 3),
(888233478, 'Kelly CanUStop', 41.112387, -128.457451, 1),
(678433478, 'Larry Leaper', 40.512387, -125.877451, 3),
(367150410, 'Major Major', 46.333302, -124.116333, 3),
(387150410, 'Neato Torpedo', 47.333302, -124.056333, 3),
(487150410, 'October Ocean', 48.333302, -126.556333, 3),
(587230410, 'Pauls PushingIt', 46.583302, -127.586333, 3),
(467230410, 'Quest4 Johnny', 48.183302, -128.686333, 3),
(547230410, 'Roger DodgerOver', 49.283302, -124.786333, 3),
(847251152, 'Sarah Sleeting', 48.285102, -127.586333, 1),
(947252151, 'Tom And Jerry', 39.285102, -128.456333, 3),
(101252151, 'Ugotta B KiddingMe', 30.285102, -128.452233, 3),
(132452151, 'Versions Unknown', 33.285102, -140.454233, 3),
(242452151, 'Wild For The Sea', 40.518102, -145.334233, 3),
(587452151, 'X The Racer', 45.518102, -120.344233, 2),
(681452151, 'Yes I can', 40.418202, -123.486233, 3)

--(876452151, 'Zuess', 41.418202, -128.546233),
--(367002170, 'Edward Brusco', 46.256516, -124.023048),
--(367002180, 'David Brusco', 47.625912, -124.761200),
--(316023833, 'Raw Spirit', 50.769775, -127.362129),
--(209578361, 'BLYBWA FLBCRN', 32.384794, -131.615206),
--(606590912, 'AXCXIH DFOJTL', 47.452572, -129.547428),
--(794853269, 'QQFAEO CQCHBS', 34.216381, -140.783619),
--(156477431, 'KUYKSE UUHQKA', 53.623325, -124.376675),
--(357640452, 'VVLKUI AHGACM', 39.780519, -128.219481),
--(581923720, 'UDEPXM JFVXQQ', 43.624634, -138.375366),
--(820767429, 'VKLFOM YDMESI', 39.37744, -127.62256),
--(797228552, 'BNEWWJ BFYKIP', 42.855853, -137.144147),
--(497161260, 'VCBXGQ EMLIQV', 33.524685, -115.475315),
--(184831829, 'JUEQXB JYPBQM', 34.8946, -124.1054),
--(144042980, 'CUKFTV YKLAKJ', 35.533804, -120.466196),
--(891948987, 'FWXIWB RXQPNY', 41.373479, -120.626521),
--(459719303, 'WWTKOX FGLAXO', 46.657235, -133.342765),
--(751121314, 'JCGLET RHDGLK', 31.590853, -135.409147),
--(165750662, 'NQRJPX SCLASI', 47.277515, -126.722485),
--(932158894, 'INJVRD BDLQTU', 52.851165, -137.148835),
--(456830214, 'DJJVTD NISSXX', 52.63468, -137.36532),
--(296160538, 'YFHRUN PGEGYG', 42.293079, -117.706921),
--(148041510, 'UDNHOJ VNXJCE', 41.291399, -121.708601),
--(311386499, 'SXOLHU SOPVNB', 37.314589, -129.685411),
--(727365357, 'MUYPKV LEWEMB', 41.390424, -130.609576),
--(938904114, 'OPWIMH TRXMHL', 53.836597, -126.163403),
--(328071309, 'UYIUIC CGKQFN', 48.845568, -120.154432),
--(709522188, 'VSNCYN EXLJDS', 32.854491, -138.145509),
--(667994411, 'CEPSGN TBCQND', 38.210043, -138.789957),
--(354058482, 'CYEQVL EWWSYN', 38.493377, -138.506623),
--(809209761, 'VFMJPF TBWWPT', 35.379062, -127.620938),
--(248454271, 'DTDLGR KVIUUN', 40.732433, -128.267567),
--(379107008, 'RRUSMT KPXOOC', 53.198195, -121.801805),
--(758638183, 'GQCBPN CNGJXN', 33.818368, -134.181632),
--(632600423, 'DMOSQA RVHCVS', 51.595855, -130.404145),
--(660627128, 'XKVRBE SFGJMB', 39.819878, -141.180122),
--(418897210, 'TGNNPQ JFHKGT', 36.836672, -133.163328),
--(662144204, 'SCYSBI VNKPFT', 33.425929, -126.574071),
--(955214028, 'DUULHT LLTSLK', 42.151786, -133.848214),
--(659637684, 'FYGOSW RAFBEK', 53.832069, -120.167931),
--(423129976, 'IBHCKH NGGPJC', 37.240175, -133.759825),
--(806014114, 'YUGSJX DLCSHB', 51.619791, -137.380209),
--(471973052, 'OOPQUQ SILHHX', 33.419971, -133.580029),
--(495945892, 'HPBOXC DQHOFF', 44.316546, -136.683454),
--(878801103, 'CYFMDD NKXPUM', 53.128651, -129.871349),
--(686205437, 'DJCRPL LAMCMC', 41.349014, -135.650986),
--(636097917, 'GOIRDL MEALID', 30.132047, -116.867953),
--(701912266, 'YYUTMN SLQBAH', 48.158462, -124.841538),
--(401159592, 'DCCNAX ONOYDW', 42.441875, -123.558125),
--(831438582, 'EYEESB PFLKLW', 39.8337, -116.1663),
--(728340033, 'ALPCYA FFWNPO', 45.886893, -115.113107),
--(879518296, 'IWIMJA MHNNCP', 52.117779, -131.882221),
--(901019909, 'WMTVEX XXVNAQ', 36.006931, -119.993069),
--(642049751, 'QNHLPK CUKMCP', 54.250799, -133.749201),
--(115103263, 'FPDNDX JNNMMQ', 38.474615, -141.525385),
--(948830279, 'IEXIGB QATKUI', 46.217264, -126.782736),
--(846672482, 'BTVTNO XXBXPE', 37.008202, -126.991798),
--(534324381, 'ERJQYN MMJNNE', 54.24657, -130.75343),
--(753355806, 'EYTTUP YKECAV', 38.42865, -131.57135),
--(359844343, 'UKWWBF IGDBJS', 39.142203, -131.857797),
--(415277021, 'BKEQIC KGTKLQ', 51.420894, -139.579106),
--(172942309, 'QXKLCS LMQOPQ', 49.331861, -132.668139),
--(860119703, 'CAFSLI MQHTVP', 30.583949, -137.416051),
--(174208014, 'UHKPYR SDRMTO', 53.605852, -141.394148),
--(934383581, 'HBOPEO WUUXOV', 45.703573, -117.296427),
--(628953709, 'ULONCI MOTUSB', 47.812956, -119.187044),
--(443480749, 'JFJKQR NUDSDH', 30.012648, -137.987352),
--(190591219, 'XGAJER BAJSDT', 51.541082, -139.458918),
--(486794046, 'MBHKES BSYOIH', 51.832313, -130.167687),
--(726547390, 'BWYUFN HJHXJB', 34.214507, -134.785493),
--(752267804, 'CKOQTN YPFCSS', 40.739645, -123.260355),
--(708695519, 'VMVOHN ABWTQR', 44.46879, -138.53121),
--(318820828, 'DVPPGJ YEAKOQ', 51.6998, -141.3002),
--(649340359, 'XGOCTV OOWSIX', 41.391939, -126.608061),
--(966442161, 'JBYMOD VKHDKK', 51.304712, -123.695288),
--(347921796, 'UIHWJY BAJPQF', 35.307969, -124.692031),
--(144507774, 'BKMBJD RRMRDE', 49.059062, -116.940938),
--(667403660, 'MUNTYB WLFMFE', 48.367556, -133.632444),
--(324245823, 'GTROLF PFWHWV', 45.077046, -132.922954),
--(764637756, 'NOGECI OODPMN', 42.192268, -121.807732),
--(314893483, 'DJASBP XNCTYP', 43.550397, -134.449603),
--(540773403, 'NKJEEK CYIODQ', 46.265334, -128.734666),
--(691504136, 'BDMAMY IPYOPY', 37.61906, -130.38094),
--(680957909, 'BSEDXX WSSATW', 51.287106, -122.712894),
--(494593444, 'FNEMBK BNEVMA', 37.074034, -140.925966),
--(715274850, 'PADHDF OHTXNS', 50.245567, -117.754433),
--(597648823, 'CGRGAH COSBJR', 46.437916, -125.562084),
--(141352321, 'LEESCI OEGMMU', 31.682307, -128.317693),
--(683110474, 'ECDROS BRJDEO', 38.342349, -139.657651),
--(752435528, 'AFMVAW CBSUOT', 46.164051, -140.835949),
--(193352446, 'OIXUWL CARFKP', 39.621179, -116.378821),
--(595110093, 'JWVFDE APUWLX', 33.279243, -125.720757),
--(352600215, 'OTRFDT JUHRRK', 35.400614, -121.599386),
--(291058834, 'IJMSKD WEBNQC', 46.452103, -128.547897),
--(488077044, 'RPKJFD LJVMIF', 40.683798, -120.316202),
--(649241027, 'CORAEQ UABFSS', 37.374105, -120.625895),
--(885953444, 'TNFCCF BIOQOY', 30.84787, -130.15213),
--(515827741, 'QWSSNY PJEWSQ', 50.103962, -124.896038),
--(983953599, 'PSBRAI PROYFA', 35.494635, -137.505365),
--(636587991, 'HHGQGO PRWHHR', 53.103983, -135.896017),
--(629823600, 'MQSYPN CBXYJI', 49.087789, -134.912211),
--(627100916, 'GUXMJD LYCBHY', 47.719994, -121.280006),
--(111831584, 'PREGRS EPHOFI', 36.806679, -133.193321),
--(393859141, 'VPVTCM HYMMTC', 54.448127, -119.551873)

GO